steps,time,reward,delta,converged
1,0.014184000000000196,3.3722502557770935,0.19823345869023645,False
2,0.0224530000000005,5.793011741731715,4.0722839496241166e-05,False
3,0.024712000000000955,5.7933014172961865,5.889033312922757e-06,False
4,0.022963999999999984,5.79330151183295,5.889033312922757e-06,True
