steps,time,reward,delta,converged
1,0.010995000000001198,2.8105750006285133,0.19501408663614384,False
2,0.01683599999999963,4.0930953990616095,4.350261236560999e-06,True
