steps,time,reward,delta,converged
1,0.0033449999999994873,-5.099999999999998,0.22500000000000012,False
2,0.0037649999999995742,-5.099999999999998,0,True
