steps,time,reward,delta,converged
1,0.0041720000000000645,1.3333333333333333,0.16666666666666663,False
2,0.004279000000000033,1.3333333333333333,0,True
