steps,time,reward,delta,converged
1,0.04039900000000074,-49.601059359670906,0.30047926601046826,False
2,0.03610100000000216,-40.291434156194846,0.00020737919721569575,False
3,0.036153999999996245,-40.29078799117126,7.863493478366124e-06,True
