steps,time,reward,delta,converged
1,0.0068950000000000955,1.4410263664419123,0.1708331970528667,False
2,0.006219999999999892,1.4805667423392772,3.156652949249175e-07,True
