steps,time,reward,delta,converged
1,0.0011769999999984293,1.3333333333333333,0.6666666666666666,False
2,0.0011390000000019995,1.3333333333333333,0,True
