steps,time,reward,delta,converged
1,0.0012150000000019645,-5.099999999999998,0.6,False
2,0.0011239999999972383,-5.099999999999998,0,True
