steps,time,reward,delta,converged
1,0.0011310000000008813,1.3333333333333333,0.6666666666666666,False
2,0.0011110000000016385,1.6118518518518514,0.08888888888888888,False
3,0.0011640000000028294,1.6550979423868313,0.008888888888888889,False
4,0.0011030000000005202,1.6610623795153177,0.0009876543209876541,False
5,0.001100000000000989,1.6619040988792357,9.610242341106558e-05,False
6,0.0011369999999999436,1.6620222360609798,1.2101439821165204e-05,False
7,0.002222000000003277,1.6620384952420324,1.6067794543514024e-06,True
